{
    "rmse": 0.7074785803582375,
    "mae": 0.5517433745575802,
    "r2": 0.23464055710737064
}